chrom,pos,effect_allele,other_allele,effect_weight,rsID,vcf_ref,vcf_alt,vcf_gt,status
1,150685811,G,A,0.0676586484738149,.,A,G,0|0,present
1,154861707,G,A,0.048790164169432,.,G,A,1|1,present
1,204549714,A,C,0.0953101798043249,.,C,A,1|1,present
2,8456993,T,C,0.048790164169432,.,C,T,0|1,present
2,10570604,C,T,0.0676586484738149,.,C,T,1|0,present
2,20678393,C,T,0.0769610411361284,.,T,C,0|0,present
2,43326810,T,C,0.0861776962410524,.,T,C,1|1,present
2,62904596,A,G,0.0953101798043249,.,G,A,1|1,present
2,66425753,T,C,0.157003748809665,.,C,T,0|0,present
2,85567174,T,C,0.0769610411361284,.,T,C,0|1,present
2,111135519,T,G,0.0676586484738149,.,T,G,1|1,present
2,172446825,A,G,0.2390169004705,.,A,G,0|0,present
2,173369819,C,T,0.048790164169432,.,T,C,1|0,present
2,237534583,G,A,0.0582689081239758,.,A,G,0|0,present
2,241443449,T,C,0.0861776962410524,.,C,T,0|0,present
3,87061524,T,C,0.122217632724249,.,T,C,1|1,present
3,107243674,G,C,0.048790164169432,.,.,.,.,ABSENT
3,113556777,A,C,0.0861776962410524,.,A,C,0|1,present
3,128319530,A,C,0.0953101798043249,.,C,A,0|0,present
3,169375312,G,A,0.22314355131421,.,A,G,0|0,present
3,170412314,A,C,0.0953101798043249,.,C,A,1|0,present
4,72989536,T,C,0.0582689081239758,.,C,T,0|0,present
4,73483441,G,A,0.0582689081239758,.,G,A,0|1,present
4,94641726,C,T,0.0861776962410524,.,C,T,0|0,present
4,105140377,C,A,0.122217632724249,.,C,A,0|1,present
5,1279913,G,A,0.157003748809665,.,G,A,1|0,present
5,44365443,C,A,0.048790164169432,.,C,A,1|1,present
5,134500518,T,C,0.048790164169432,.,C,T,1|1,present
5,169745129,A,G,0.27002713721306,.,A,G,0|0,present
5,173512423,T,C,0.0676586484738149,.,C,T,0|0,present
5,178541914,T,G,0.0769610411361284,.,G,T,1|0,present
6,11218797,C,T,0.048790164169432,.,C,T,0|0,present
6,30633455,G,A,0.0582689081239758,.,A,G,0|0,present
6,32224554,A,G,0.0582689081239758,.,A,G,1|1,present
6,32433162,G,C,0.0582689081239758,.,.,.,.,ABSENT
6,33020918,T,G,0.048790164169432,.,T,G,0|1,present
6,34825347,A,G,0.048790164169432,.,G,A,1|0,present
6,43726861,T,C,0.048790164169432,.,T,C,1|1,present
6,108963986,G,A,0.0676586484738149,.,A,G,0|1,present
6,153119944,A,G,0.0769610411361284,.,A,G,0|1,present
6,160412632,T,C,0.104360015324243,.,C,T,1|1,present
7,20954872,A,G,0.0953101798043249,.,A,G,1|1,present
7,27936944,G,A,0.131028262406404,.,G,A,0|0,present
7,40835593,A,C,0.0676586484738149,.,A,C,0|0,present
7,47397647,A,G,0.0582689081239758,.,G,A,1|1,present
7,98187015,C,T,0.104360015324243,.,C,T,0|1,present
8,23581462,A,G,0.048790164169432,.,A,G,1|1,present
8,26034626,T,C,0.0769610411361284,.,C,T,0|0,present
8,127091872,G,A,1.0681530811834,.,A,G,0|0,present
8,127112671,A,C,0.500775287912489,.,C,A,0|0,present
8,127308101,G,A,0.19062035960865,.,A,G,1|0,present
8,127310936,T,C,0.131028262406404,.,T,C,0|0,present
8,127401060,G,T,0.207014169384326,.,G,T,0|0,present
8,127472793,A,C,0.343589704390077,.,A,C,0|1,present
9,19055967,C,T,0.0582689081239758,.,T,C,1|0,present
9,22041999,G,C,0.0769610411361284,.,.,.,.,ABSENT
9,129813781,A,C,0.0582689081239758,.,C,A,0|0,present
10,45587537,T,C,0.113328685307003,.,T,C,0|0,present
10,46046324,T,C,0.207014169384326,.,.,.,.,ABSENT
10,88435392,C,T,0.048790164169432,.,C,T,0|1,present
10,102654464,A,G,0.0676586484738149,.,A,G,0|0,present
10,112952395,G,C,0.0392207131532813,.,.,.,.,ABSENT
10,125008303,C,T,0.0582689081239758,.,T,C,1|0,present
11,1486282,T,C,0.0582689081239758,.,T,C,1|1,present
11,2212344,A,G,0.173953307123438,.,A,G,1|0,present
11,7526356,A,G,0.0676586484738149,.,G,A,0|0,present
11,62140968,C,T,0.0582689081239758,.,T,C,1|1,present
11,67184494,C,G,0.113328685307003,.,.,.,.,ABSENT
11,69227030,G,T,0.157003748809665,.,T,G,0|0,present
11,102530930,T,C,0.0769610411361284,.,T,C,1|0,present
11,108272729,G,C,0.148420005118273,.,.,.,.,ABSENT
11,113936459,G,A,0.0676586484738149,.,G,A,0|1,present
11,125184897,T,C,0.27763173659828,.,C,T,0|0,present
11,134396478,G,A,0.0676586484738149,.,A,G,0|0,present
12,12718165,T,G,0.0582689081239758,.,T,G,0|0,present
12,14263984,G,A,0.0582689081239758,.,A,G,0|1,present
12,48025835,A,C,0.0953101798043249,.,A,C,0|0,present
12,49282227,C,T,0.0676586484738149,.,T,C,1|0,present
12,52880120,A,G,0.122217632724249,.,G,A,0|0,present
12,64619044,T,C,0.0582689081239758,.,T,C,0|0,present
12,114247766,A,G,0.0676586484738149,.,A,G,0|1,present
12,132491403,G,A,0.048790164169432,.,G,A,1|1,present
14,22836440,T,C,0.048790164169432,.,T,C,0|1,present
14,36669089,C,G,0.0582689081239758,.,.,.,.,ABSENT
14,52905612,C,T,0.0861776962410524,.,T,C,1|1,present
14,68660027,C,T,0.048790164169432,.,T,C,0|0,present
14,70625539,G,A,0.048790164169432,.,G,A,1|1,present
15,40630717,C,G,0.0582689081239758,.,.,.,.,ABSENT
15,56093670,A,G,0.173953307123438,.,A,G,0|0,present
16,57620664,C,T,0.148420005118273,.,C,T,0|0,present
17,715725,C,T,0.0861776962410524,.,T,C,1|1,present
17,7899800,C,T,0.148420005118273,.,T,C,0|0,present
17,37738049,A,G,0.198850858745165,.,A,G,1|1,present
17,49267824,A,G,0.0953101798043249,.,G,A,0|0,present
17,58378759,G,A,0.048790164169432,.,G,A,0|1,present
17,71112612,G,T,0.157003748809665,.,G,T,1|0,present
18,54246103,C,G,0.048790164169432,.,.,.,.,ABSENT
18,55563628,C,T,0.0769610411361284,.,T,C,0|0,present
18,59079083,T,G,0.048790164169432,.,G,T,0|1,present
18,75324210,T,C,0.048790164169432,.,T,C,1|0,present
18,79013973,C,T,0.0769610411361284,.,C,T,0|1,present
19,17103263,C,T,0.048790164169432,.,C,T,0|0,present
19,38244973,C,T,0.0861776962410524,.,C,T,1|0,present
19,41479679,G,A,0.0953101798043249,.,G,A,0|1,present
19,42196795,T,C,0.0582689081239758,.,T,C,0|0,present
19,50861367,G,A,0.165514438477573,.,A,G,1|1,present
20,62440555,C,T,0.048790164169432,.,C,T,1|1,present
20,63731211,T,G,0.0769610411361284,.,G,T,1|0,present
22,28492951,A,G,0.131028262406404,.,G,A,0|0,present
22,40075184,T,C,0.0676586484738149,.,C,T,0|0,present
22,43104206,G,T,0.139761942375159,.,G,T,0|0,present
X,9846095,A,G,0.048790164169432,.,.,.,.,ABSENT
X,11464514,C,T,0.0676586484738149,.,.,.,.,ABSENT
X,51498820,C,T,0.104360015324243,.,.,.,.,ABSENT
X,52867918,C,T,0.0582689081239758,.,.,.,.,ABSENT
X,67801708,T,C,0.0392207131532813,.,.,.,.,ABSENT
X,71188133,G,A,0.0392207131532813,.,.,.,.,ABSENT
